"x","y"
"仪式/Na/XIN_CMN_20030519_wpr/17487",-0.0314261094861753,0.066335985549717
"惯例/Na/CNA_CMN_20001024_wpr/146044",0.220410560215856,-0.0803318770548804
"仪式/Na/CNA_CMN_20001209_wpr/106603",-0.0232074064549861,-0.10824384556414
"典礼/Na/CNA_CMN_20010103_wpr/3978",-0.0192683707933348,-0.0136637251647734
"仪式/Na/XIN_CMN_20030830_wpr/32418",0.0472670647721457,0.140053180434927
"仪式/Na/CNA_CMN_20010116_wpr/67538",-0.0113230022807119,-0.00795242104162315
"仪式/Na/XIN_CMN_20001017_wpr/30240",0.0338242809689889,0.0204101931406073
"仪式/Na/XIN_CMN_20010121_wpr/43266",-0.00920830050314088,0.0183904029957839
"仪式/Na/XIN_CMN_20030729_wpr/32111",0.0144733086856152,0.00739595975362943
"仪式/Na/XIN_CMN_20010117_wpr/22815",0.0762131322357009,-0.030737007156806
"仪式/Na/CNA_CMN_20001017_wpr/52359",-0.0171237786124393,0.0104969496671334
"典礼/Na/CNA_CMN_20001204_wpr/11562",-0.0295066496266759,-0.00872313064806125
"典礼/Na/XIN_CMN_20001103_wpr/10829",-0.0478420199537083,0.00857843237800048
"仪式/Na/CNA_CMN_20010115_wpr/75810",-0.00173716266752085,-0.00615556608943367
"仪式/Na/ZBN_CMN_20030426_wpr/13053",-0.00124340567154904,0.00557712567630459
"仪式/Na/CNA_CMN_20010113_wpr/98477",-0.0170157618305922,0.0499089508041923
"仪式/Na/XIN_CMN_20010108_wpr/26162",0.00190701424711424,0.0020223585896489
"仪式/Na/CNA_CMN_20010103_wpr/50374",-0.0404939354931117,0.0793056177336934
"惯例/Na/CNA_CMN_20001108_wpr/38825",0.127366089976831,0.0230975583673864
"仪式/Na/XIN_CMN_20001025_wpr/55191",0.00250720319393958,0.0208025756042418
"典礼/Na/CNA_CMN_20010121_wpr/65093",-0.0319680029667396,0.0873335822741005
"典礼/Na/CNA_CMN_20010117_wpr/158929",-0.0203590790396205,-0.0243490224558487
"典礼/Na/XIN_CMN_20001107_wpr/6443",-0.00986346680130262,0.00228840024803908
"仪式/Na/XIN_CMN_20030828_wpr/20949",-0.0609878736200676,0.0334771299101242
"仪式/Na/XIN_CMN_20030504_wpr/35633",0.00884825290065061,0.021072420186532
"典礼/Na/CNA_CMN_20001103_wpr/75374",0.00502141400816345,-0.00900267206517179
"典礼/Na/CNA_CMN_20001215_wpr/89634",-0.0340182213040056,0.00184921878774912
"仪式/Na/ZBN_CMN_20030531_wpr/65862",0.0567146319554458,0.0636305654793244
"仪式/Na/ZBN_CMN_20030504_wpr/2604",-0.00472588783018908,-0.0380195400972013
"仪式/Na/ZBN_CMN_20030504_wpr/2629",-0.0186554149065801,0.0185450366609969
"典礼/Na/ZBN_CMN_20010122_wpr/11154",-0.0755643128184625,0.0419625926369632
"仪式/Na/XIN_CMN_20001115_wpr/20292",0.121404449245211,0.0496479510184611
"典礼/Na/CNA_CMN_20001008_wpr/4340",-0.0252525071294291,-0.0209848174930745
"仪式/Na/XIN_CMN_20030930_wpr/42726",0.0584411898016994,0.176201245950783
"典礼/Na/CNA_CMN_20030531_wpr/7321",-0.0207128386487061,0.0131986560499682
"仪式/Na/ZBN_CMN_20030827_wpr/67873",-0.0251631944403962,0.0168887932381842
"仪式/Na/CNA_CMN_20001204_wpr/116388",0.0512034121974783,-0.041658925846291
"仪式/Na/ZBN_CMN_20001008_wpr/17106",-0.0168530678222726,-0.00265601982767656
"典礼/Na/CNA_CMN_20001023_wpr/71901",0.0481269960911827,-0.0542852206413618
"仪式/Na/XIN_CMN_20001001_wpr/45066",0.00148911913076646,-0.012478218562998
"典礼/Na/CNA_CMN_20001221_wpr/25236",-0.0247934838598746,-0.00468511596687159
"惯例/Na/CNA_CMN_20030721_wpr/2246",0.137908109991715,-0.0271047944634817
"仪式/Na/ZBN_CMN_20001001_wpr/8669",0.0201998128667666,-0.0283868075200123
"典礼/Na/CNA_CMN_20001006_wpr/6636",-0.0292484284104212,-0.0331329035520958
"典礼/Na/CNA_CMN_20001111_wpr/45206",-0.0281228998664855,-0.0146943262454762
"仪式/Na/ZBN_CMN_20030828_wpr/34645",0.129362901102666,-0.068565253116065
"仪式/Na/XIN_CMN_20030912_wpr/1470",-0.0231438973909348,-0.000360412698029294
"典礼/Na/CNA_CMN_20001114_wpr/6871",-0.0279321669812507,-0.00477206144715344
"仪式/Na/XIN_CMN_20030415_wpr/39941",0.0693151233487927,-0.0608606688268835
"典礼/Na/XIN_CMN_20030902_wpr/51428",-0.0279571373920097,-0.00750637251515139
"典礼/Na/CNA_CMN_20001214_wpr/129908",-0.00673027331931826,0.0241880574039047
"典礼/Na/CNA_CMN_20030911_wpr/4948",-0.0386841368853347,0.00856837323826372
"惯例/Na/CNA_CMN_20001004_wpr/42796",0.159956084919675,-0.0293014809673494
"典礼/Na/CNA_CMN_20010111_wpr/132189",-0.00576613975921564,0.00736251793064158
"典礼/Na/CNA_CMN_20001206_wpr/25926",-0.0960729234261922,0.124689900876502
"仪式/Na/CNA_CMN_20001025_wpr/19738",0.00025479152226189,-0.00105379694707256
"仪式/Na/XIN_CMN_20030511_wpr/64920",-0.0170354911349951,0.0253690876877084
"仪式/Na/ZBN_CMN_20030518_wpr/61223",-0.0261194549868102,0.019213816773766
"仪式/Na/ZBN_CMN_20030905_wpr/59843",-0.0314485424775284,0.00129518782332322
"仪式/Na/CNA_CMN_20001013_wpr/100536",-0.0141791916700498,0.0284530502183961
"仪式/Na/CNA_CMN_20001227_wpr/64135",-0.00585863105828082,-0.00444865279924642
"仪式/Na/XIN_CMN_20030731_wpr/59408",0.0336425051833672,0.0494995006486077
"仪式/Na/ZBN_CMN_20030927_wpr/73111",-0.0209182788972186,0.000227320936374042
"典礼/Na/ZBN_CMN_20030920_wpr/53571",-0.0650497800301677,0.0173895673668034
"仪式/Na/CNA_CMN_20001231_wpr/99057",-0.0752014081087032,-0.10106826108139
"惯例/Na/ZBN_CMN_20030804_wpr/3233",0.200623021196172,-0.0737617618852884
"典礼/Na/CNA_CMN_20010130_wpr/110693",-0.0221155849317508,0.0478429451549296
"仪式/Na/CNA_CMN_20001114_wpr/56442",-0.0546117723461824,-0.0195386028877092
"仪式/Na/ZBN_CMN_20001017_wpr/11878",0.00279374836489625,-0.00205114214359023
"仪式/Na/CNA_CMN_20001220_wpr/10243",0.023990988865891,-0.0945233150918613
"典礼/Na/CNA_CMN_20001001_wpr/86351",-0.0361049401883166,0.0215296828638817
"仪式/Na/XIN_CMN_20001027_wpr/76348",0.00503836053066762,0.00342678018454068
"仪式/Na/CNA_CMN_20001013_wpr/71213",0.00349224829060862,-0.019637794480889
"仪式/Na/CNA_CMN_20001026_wpr/137813",-0.0053999076863059,-0.00753341443888518
"仪式/Na/ZBN_CMN_20030403_wpr/50936",-0.127480673916958,-0.00150225736032732
"典礼/Na/ZBN_CMN_20030518_wpr/63929",-0.0919073276035856,-0.0380972007970659
"惯例/Na/CNA_CMN_20001120_wpr/13281",0.172459716411573,0.0826338136438793
"典礼/Na/ZBN_CMN_20010104_wpr/4929",-0.0535099215917684,0.141153096825594
"典礼/Na/CNA_CMN_20001007_wpr/94538",0.0785037049440732,-0.0242190589254795
"典礼/Na/CNA_CMN_20001116_wpr/71355",-0.039795680416453,-0.0282212219928476
"典礼/Na/CNA_CMN_20010116_wpr/115541",-0.00597470438816251,0.00227458605735174
"仪式/Na/CNA_CMN_20001002_wpr/4152",0.0358187830944577,-0.0154960055724814
"典礼/Na/XIN_CMN_20030916_wpr/45461",-0.0529464329328354,-0.0150731810478209
"仪式/Na/XIN_CMN_20010117_wpr/95",-0.0398881059359809,0.035852078927275
"仪式/Na/XIN_CMN_20030822_wpr/47445",-0.0587777453596056,0.0738961356570035
"仪式/Na/ZBN_CMN_20030603_wpr/20968",-0.0136008184210122,-0.044360171582858
"仪式/Na/ZBN_CMN_20001115_wpr/11748",0.0391970191402784,0.0533461092220378
"惯例/Na/ZBN_CMN_20001125_wpr/21393",0.150456049518588,-0.051298165480628
"仪式/Na/ZBN_CMN_20030721_wpr/78584",0.0276080476178521,0.0214503842322504
"典礼/Na/XIN_CMN_20001225_wpr/16726",0.00704296175869627,0.0323694136972277
"典礼/Na/CNA_CMN_20001009_wpr/98001",-0.00753916560274207,0.0115724443504842
"仪式/Na/XIN_CMN_20030929_wpr/33908",0.0153414026317757,0.0155596434426374
"典礼/Na/CNA_CMN_20001006_wpr/154592",-0.0216163628828839,-0.0127509202758002
"典礼/Na/CNA_CMN_20001102_wpr/77237",-0.0281872751372138,-0.0988707400063613
"惯例/Na/XIN_CMN_20001016_wpr/28981",0.101551602337179,0.00733619525921933
"仪式/Na/XIN_CMN_20030703_wpr/33871",-0.00851891209710815,0.0217158513722244
"仪式/Na/XIN_CMN_20001201_wpr/5287",0.0110320061281982,0.0406345648436477
"惯例/Na/CNA_CMN_20010109_wpr/3540",0.136185073034895,0.00749865333527193
"惯例/Na/CNA_CMN_20001202_wpr/8505",0.271906187325768,-0.120513207276016
"仪式/Na/ZBN_CMN_20030627_wpr/35602",-0.0828291191077669,0.120975113354278
"仪式/Na/ZBN_CMN_20001119_wpr/33993",0.0269379240881839,-0.0235319232701561
"典礼/Na/CNA_CMN_20010102_wpr/26637",0.0196505190686642,0.00554017392463413
"仪式/Na/XIN_CMN_20030527_wpr/73877",0.00817317913131916,0.0448013669789763
"仪式/Na/XIN_CMN_20001206_wpr/26336",-0.0178155158368863,0.00293554564880259
"典礼/Na/ZBN_CMN_20030415_wpr/14057",-0.074004225158748,-0.0554751586748942
"仪式/Na/CNA_CMN_20001101_wpr/165435",-0.1020171254733,-0.11337424684073
"仪式/Na/XIN_CMN_20030422_wpr/52541",-0.0223246064264099,0.0175551694624888
"仪式/Na/XIN_CMN_20030404_wpr/54120",0.167462377649129,0.118105859996752
"仪式/Na/ZBN_CMN_20030529_wpr/34377",-0.00635167661851848,0.0489145905263294
"仪式/Na/ZBN_CMN_20001025_wpr/38942",0.135795876201818,0.208743560914247
"典礼/Na/CNA_CMN_20001123_wpr/93460",-0.00378840025302918,-0.00135582523928913
"典礼/Na/ZBN_CMN_20030731_wpr/62700",-0.0480975102072837,-0.00446303094044162
"仪式/Na/XIN_CMN_20010127_wpr/28607",-0.0446360692351778,0.0266054762553869
"仪式/Na/ZBN_CMN_20001130_wpr/23563",-0.0833283125580345,-0.0430359074004796
"典礼/Na/CNA_CMN_20001018_wpr/65229",-0.0370166442260816,0.0569244190749282
"仪式/Na/ZBN_CMN_20030407_wpr/45079",-0.0241541602835214,0.0155347731048851
"仪式/Na/ZBN_CMN_20001106_wpr/9629",0.121509912188942,-0.102969066105584
"仪式/Na/XIN_CMN_20030526_wpr/31968",0.07937452570385,0.0225095515078452
"典礼/Na/CNA_CMN_20001205_wpr/111195",0.0123422224814855,-0.0339109022252967
"仪式/Na/ZBN_CMN_20001117_wpr/29254",-0.0409742452987797,0.00532084851152703
"惯例/Na/ZBN_CMN_20010113_wpr/7855",0.217628845807222,-0.133610365990213
"仪式/Na/XIN_CMN_20030806_wpr/19409",0.0293096929463086,0.0407967878077787
"仪式/Na/CNA_CMN_20010122_wpr/84161",-0.0113052853701904,0.0118624554942602
"仪式/Na/XIN_CMN_20001015_wpr/56053",-0.0712211774560929,-0.0223583775935712
"典礼/Na/CNA_CMN_20001219_wpr/80142",-0.0162150446860213,0.0024418725078106
"仪式/Na/ZBN_CMN_20030411_wpr/66582",-0.00489453354995144,0.00145347026945321
"典礼/Na/CNA_CMN_20001031_wpr/56263",-0.0100485544989455,0.0137842373026892
"仪式/Na/ZBN_CMN_20030829_wpr/13503",-0.00872084640857581,-0.0260280236957367
"典礼/Na/CNA_CMN_20001223_wpr/74789",-0.0206245596532323,-0.0152983374100798
"仪式/Na/CNA_CMN_20010112_wpr/81711",0.00215865797775222,0.00550731369992585
"仪式/Na/CNA_CMN_20001016_wpr/134427",-0.0613415190788171,-0.0294963494030253
"典礼/Na/CNA_CMN_20001110_wpr/34117",0.0112124694071267,-0.0154066479497158
"仪式/Na/XIN_CMN_20030714_wpr/51536",0.00675118286945721,0.0661437578546279
"典礼/Na/CNA_CMN_20001230_wpr/19053",-0.202010528854549,-0.0417046708433201
"仪式/Na/ZBN_CMN_20001110_wpr/32279",0.0131214904213426,-0.0227602855464108
"仪式/Na/XIN_CMN_20001107_wpr/7786",0.0296463443432142,0.0715826111801482
"典礼/Na/CNA_CMN_20001206_wpr/25864",-0.0769451175443866,0.122338727073579
"仪式/Na/XIN_CMN_20001220_wpr/50903",-0.0338577967916856,-0.00352506765629014
"典礼/Na/CNA_CMN_20001220_wpr/164628",-0.017120715724749,-0.0262574021819191
"仪式/Na/XIN_CMN_20030617_wpr/44344",0.0145142713661125,0.0272468031958604
"仪式/Na/CNA_CMN_20001126_wpr/82845",0.0208156366440155,-0.054315380985115
"仪式/Na/ZBN_CMN_20030515_wpr/24273",-0.350891226505328,-0.151849857980186
"仪式/Na/XIN_CMN_20001210_wpr/17600",-0.0242816331186986,0.0226568103272062
"仪式/Na/ZBN_CMN_20030509_wpr/2733",-0.0595790621542654,0.0586372018119376
"仪式/Na/XIN_CMN_20030830_wpr/32404",0.00965309467088013,0.0510790589455746
"仪式/Na/XIN_CMN_20001027_wpr/10361",0.000503240395716523,0.02994218044186
"仪式/Na/CNA_CMN_20001119_wpr/40540",-0.0434498414483884,-0.00683344155090576
"仪式/Na/XIN_CMN_20030911_wpr/71779",0.0478030334603976,0.0868206040307912
"仪式/Na/CNA_CMN_20001014_wpr/71236",-0.109916851608014,-0.246912633304793
"典礼/Na/CNA_CMN_20001112_wpr/4289",-0.0482908589873783,-0.037161461924988
"仪式/Na/CNA_CMN_20001217_wpr/38501",0.0197034565704525,0.0139094360152417
"仪式/Na/CNA_CMN_20010120_wpr/7365",-0.0147295379416363,-0.0480367079850813
"仪式/Na/XIN_CMN_20001017_wpr/8108",-0.0170382783424501,0.100748918402456
"典礼/Na/CNA_CMN_20001023_wpr/97512",-0.0162786027503226,-0.00164621226783859
"仪式/Na/XIN_CMN_20030916_wpr/5436",0.126794035583509,0.0668764373131846
"仪式/Na/XIN_CMN_20030828_wpr/36417",-0.0048502602669122,0.0262890075757779
"仪式/Na/ZBN_CMN_20010107_wpr/26766",-0.0501253374061506,0.138476905085445
"仪式/Na/XIN_CMN_20030905_wpr/42448",-0.029780186154744,0.0170459594536589
"仪式/Na/XIN_CMN_20030424_wpr/68932",0.0426641055698838,0.0474733805326216
"仪式/Na/XIN_CMN_20030405_wpr/57976",0.0270952668399153,0.00830072177961554
"仪式/Na/CNA_CMN_20001010_wpr/43349",-0.0330609682552991,0.00738118573845531
"仪式/Na/ZBN_CMN_20001217_wpr/134",0.012140111982448,0.0237887486474323
"典礼/Na/CNA_CMN_20001005_wpr/100162",-0.0681324783614765,0.00261078189421417
"仪式/Na/ZBN_CMN_20001130_wpr/30969",0.00212551950715969,-0.0351085768201416
"仪式/Na/ZBN_CMN_20001201_wpr/11612",-0.0309646325514762,0.0302634219641105
"仪式/Na/ZBN_CMN_20030728_wpr/70883",0.0346362489742787,0.0235530006350299
"典礼/Na/XIN_CMN_20030423_wpr/18357",-0.00102357122208417,0.0140518262080349
"仪式/Na/XIN_CMN_20001127_wpr/52944",-0.0456881073778023,0.0592602558556668
"仪式/Na/ZBN_CMN_20030607_wpr/52620",-0.066728156598101,-0.0570424848622666
"仪式/Na/XIN_CMN_20030904_wpr/16551",-0.14858462266684,-0.0189485999271786
"仪式/Na/ZBN_CMN_20010116_wpr/11069",0.0722284100505637,0.0518996024338198
"仪式/Na/XIN_CMN_20030709_wpr/67211",0.0205859461254032,0.032841061449338
"典礼/Na/CNA_CMN_20010111_wpr/32391",-0.0122895238427589,-0.00367130181605603
"仪式/Na/ZBN_CMN_20030527_wpr/6323",-0.0235245701523076,0.0622270489362229
"仪式/Na/XIN_CMN_20030917_wpr/51636",0.0330066767106979,0.0104935797821085
"仪式/Na/ZBN_CMN_20030921_wpr/21929",-0.0282302237467201,9.66229455033934e-05
"典礼/Na/ZBN_CMN_20010129_wpr/6507",-0.0578348054676633,0.00587980593762135
"典礼/Na/CNA_CMN_20001129_wpr/98315",-0.0510696902011354,-0.0177409477060071
"仪式/Na/ZBN_CMN_20001230_wpr/948",0.00994896396409735,0.01482096886582
"仪式/Na/CNA_CMN_20001228_wpr/45702",-0.0432188130277429,-0.0242666807623478
"仪式/Na/CNA_CMN_20001027_wpr/122953",-0.00730553668778676,-0.00193299931708173
"仪式/Na/ZBN_CMN_20001110_wpr/21031",-0.0151057912329793,0.0129557908813767
"仪式/Na/CNA_CMN_20010126_wpr/21420",-0.0792559046529604,-0.12892213504583
"仪式/Na/XIN_CMN_20001017_wpr/49986",0.0126420179650332,0.0217263672421579
"典礼/Na/CNA_CMN_20001019_wpr/85161",-0.00858057810212337,-0.00854843403157659
"典礼/Na/CNA_CMN_20001011_wpr/13423",-0.0327236022961441,-0.0274720542060036
"仪式/Na/XIN_CMN_20030404_wpr/47729",0.0182520118651063,-0.206296925967089
"典礼/Na/CNA_CMN_20030623_wpr/1238",-0.0129904608604902,-0.0127781845453084
"典礼/Na/CNA_CMN_20001201_wpr/16761",-0.0367752047524383,-0.021526145975396
"仪式/Na/XIN_CMN_20010121_wpr/15400",0.0851511967412077,0.0438601052433287
"仪式/Na/XIN_CMN_20001017_wpr/12982",0.00518634475153863,0.0157959858260895
"典礼/Na/CNA_CMN_20001201_wpr/148914",-0.0087759062961857,-0.00594892488720383
"惯例/Na/CNA_CMN_20001109_wpr/54188",0.0933093493255815,0.0229298060186167
"仪式/Na/CNA_CMN_20001204_wpr/116329",0.024899267394009,-0.0328252220931714
"仪式/Na/CNA_CMN_20001214_wpr/32953",-0.0111098408338221,0.00498446152491489
"仪式/Na/CNA_CMN_20010118_wpr/145125",0.0300452146045225,-0.150024684890144
"典礼/Na/CNA_CMN_20001229_wpr/136444",-0.0114636752170951,-0.0181717874700189
"仪式/Na/ZBN_CMN_20030714_wpr/38776",-0.150380726119368,0.0999975569401896
"仪式/Na/ZBN_CMN_20001004_wpr/41782",-0.0219625142841754,-0.0869040913850633
"典礼/Na/CNA_CMN_20001001_wpr/80992",-0.0928870323815442,0.0231577106857132
"仪式/Na/XIN_CMN_20030422_wpr/57183",0.0598333110219834,0.0514348208867227
"仪式/Na/ZBN_CMN_20001217_wpr/23847",-0.00759953779292285,0.00808745339595434
"仪式/Na/XIN_CMN_20030830_wpr/20255",-0.0479072753818981,0.0240439516742671
"典礼/Na/CNA_CMN_20001009_wpr/141594",-0.0415068718727443,0.0466022928512736
"典礼/Na/CNA_CMN_20010122_wpr/56758",0.0222684289175309,0.017645872293454
"惯例/Na/CNA_CMN_20001215_wpr/160725",0.111548761699332,-0.0599733811624758
"仪式/Na/XIN_CMN_20010123_wpr/48074",0.0960438564381656,0.0583390792443316
"典礼/Na/XIN_CMN_20001121_wpr/427",-0.0476970510416378,-0.0209687874896183
"仪式/Na/XIN_CMN_20030829_wpr/18566",0.0111330965626816,0.010017552216754
"惯例/Na/XIN_CMN_20001112_wpr/8298",0.101717656368771,0.0100883868640582
"仪式/Na/CNA_CMN_20001226_wpr/64086",-0.0889452202288677,-0.0589263134601215
"仪式/Na/CNA_CMN_20001201_wpr/108533",0.0467348664107325,-0.0174975607263226
"仪式/Na/CNA_CMN_20010108_wpr/67493",0.029086349282718,0.00298956508705414
"仪式/Na/XIN_CMN_20001206_wpr/29054",0.00706944746934317,0.0136251462511122
"仪式/Na/ZBN_CMN_20030529_wpr/24327",-0.116513188882192,-0.163573471786587
"典礼/Na/CNA_CMN_20010101_wpr/45595",-0.0158149875244922,-0.018675460778106
"惯例/Na/XIN_CMN_20030514_wpr/62055",0.179233787765125,0.036556454055446
"仪式/Na/ZBN_CMN_20030723_wpr/43230",-0.0491354962171315,-0.000675072757702236
"仪式/Na/ZBN_CMN_20001106_wpr/14799",-0.0201210365237093,0.0715937275707042
"仪式/Na/ZBN_CMN_20030809_wpr/62848",-0.0540499169848501,-0.00696243171172172
"典礼/Na/ZBN_CMN_20001026_wpr/24519",-0.0160978709477152,0.0151652400608525
"仪式/Na/XIN_CMN_20030411_wpr/77617",0.0188440395495422,0.0199603346800122
"仪式/Na/ZBN_CMN_20030706_wpr/63787",0.0157128712226741,-0.311150582010042
"仪式/Na/ZBN_CMN_20001030_wpr/36050",0.00572070808376927,-0.00280344627503016
"仪式/Na/XIN_CMN_20030530_wpr/23324",0.000121411566075211,0.0566338808900739
"仪式/Na/ZBN_CMN_20001002_wpr/33824",-0.00248739296183235,-0.0405166707381338
"仪式/Na/XIN_CMN_20030609_wpr/36120",0.212202675102097,0.0474768139050798
"典礼/Na/CNA_CMN_20010103_wpr/24320",-0.0174927810641931,-0.00344773479285147
"仪式/Na/CNA_CMN_20010116_wpr/6327",0.0130788215897723,0.049230208825118
"仪式/Na/XIN_CMN_20001218_wpr/69872",-0.00340665808655494,0.0136045892170246
"仪式/Na/XIN_CMN_20001206_wpr/46411",0.0111515216180551,0.0201355227028389
"仪式/Na/XIN_CMN_20030511_wpr/58989",-0.00801106260663026,0.0954079656893258
"典礼/Na/CNA_CMN_20001218_wpr/114400",0.019032680607347,-0.00247022738702234
"仪式/Na/XIN_CMN_20030703_wpr/47669",-0.0231565452730609,0.0288291839816949
"仪式/Na/XIN_CMN_20001213_wpr/67223",-0.0385163307969841,0.0133159512803148
"仪式/Na/CNA_CMN_20010104_wpr/51086",0.039760607164922,-0.0450434499413665
"仪式/Na/CNA_CMN_20001210_wpr/75344",0.002777228078637,-0.0281227414386418
"仪式/Na/ZBN_CMN_20030610_wpr/26291",0.035551686606733,0.120497245687
"典礼/Na/CNA_CMN_20010112_wpr/15014",-0.0453387334299708,0.00867418314714894
"仪式/Na/CNA_CMN_20001106_wpr/116625",-0.0630932407339044,0.04776059012012
"典礼/Na/CNA_CMN_20001220_wpr/117247",0.0172643795185375,-0.00386722890038196
"仪式/Na/CNA_CMN_20001219_wpr/2841",-0.0116412183487332,0.0205323369114925
"典礼/Na/CNA_CMN_20010102_wpr/124776",-0.0153925146803453,-0.110297058376103
"惯例/Na/XIN_CMN_20001122_wpr/17096",0.224229036443886,-0.0546991437852012
"惯例/Na/ZBN_CMN_20030420_wpr/66745",-0.0661285305073861,0.0405782465035712
"仪式/Na/ZBN_CMN_20030831_wpr/26348",-0.00967169203172009,-0.0362099975336523
"仪式/Na/ZBN_CMN_20030816_wpr/46945",-0.113330379338759,0.0501371371040456
"典礼/Na/CNA_CMN_20010102_wpr/7664",-0.01047566110279,0.000793856668433224
"典礼/Na/CNA_CMN_20001219_wpr/137681",0.004186271039299,-0.00825253319877739
"惯例/Na/ZBN_CMN_20010108_wpr/3569",0.156961440877291,-0.0106829247980472
"典礼/Na/CNA_CMN_20001202_wpr/96386",-0.0342867224325055,-0.018734379680532
"惯例/Na/ZBN_CMN_20001024_wpr/20676",0.154008436597712,-0.0394102561163883
"仪式/Na/ZBN_CMN_20001002_wpr/4524",0.0548040269665179,-0.132421302122719
"惯例/Na/CNA_CMN_20001004_wpr/35388",0.168108929351343,-0.0176194769756651
"仪式/Na/ZBN_CMN_20030708_wpr/61984",0.0625772593591882,0.201849626623879
"惯例/Na/CNA_CMN_20030618_wpr/3207",0.188102575777872,-0.0594908201562478
"仪式/Na/CNA_CMN_20001026_wpr/62726",-0.104980266719348,-0.00677607601445352
"仪式/Na/XIN_CMN_20030605_wpr/52547",-0.0137185296636034,0.00808231825281636
"仪式/Na/ZBN_CMN_20030426_wpr/13134",0.127608315486918,-0.142706879971663
"仪式/Na/XIN_CMN_20030705_wpr/43071",-0.000898597605614477,0.0231307215262309
"仪式/Na/ZBN_CMN_20030804_wpr/26326",0.311378756671045,-0.329999411045398
"仪式/Na/XIN_CMN_20010129_wpr/4318",0.0488017909738971,0.0633710128053382
"仪式/Na/ZBN_CMN_20030730_wpr/67740",-0.0579158238455377,0.0331893602610813
"仪式/Na/XIN_CMN_20030426_wpr/30917",0.00359135202124255,0.0574078453240774
"典礼/Na/ZBN_CMN_20030726_wpr/17943",-0.0293256393356832,0.00847365296178655
"仪式/Na/XIN_CMN_20030415_wpr/85516",0.047912473693208,0.0408240014322483
"仪式/Na/XIN_CMN_20030607_wpr/36623",0.0347794906885714,0.0433326010038735
"仪式/Na/XIN_CMN_20030805_wpr/15849",0.108720603092534,0.143612879315593
"仪式/Na/XIN_CMN_20030805_wpr/16733",0.180376297431311,0.183117165811358
"仪式/Na/CNA_CMN_20001014_wpr/94594",-0.0313495766906282,0.0234261992537236
"典礼/Na/CNA_CMN_20001122_wpr/16134",-0.0149032479370673,-0.0312867618531466
"仪式/Na/CNA_CMN_20001211_wpr/130905",0.0129655669793252,-0.0778410908863866
"惯例/Na/ZBN_CMN_20001107_wpr/26094",0.102048861767953,-0.000747376378202209
"仪式/Na/XIN_CMN_20030915_wpr/4013",-0.0261165292600241,0.0379442336683468
"仪式/Na/ZBN_CMN_20030423_wpr/17645",-0.0290970718759654,0.0152585101078587
"仪式/Na/XIN_CMN_20001220_wpr/60493",-0.0245727832354195,0.00311561080604498
"仪式/Na/ZBN_CMN_20030712_wpr/20991",-0.0382010875977203,0.0011460474805903
"典礼/Na/XIN_CMN_20030828_wpr/20118",-0.0329986263273421,0.0201418166837086
"典礼/Na/ZBN_CMN_20030728_wpr/54454",-0.0824899290801802,-0.00994232387755329
"仪式/Na/ZBN_CMN_20030629_wpr/12961",-0.0489515112350123,0.0507883082115681
"仪式/Na/XIN_CMN_20030717_wpr/21853",0.245933907517786,0.0501056613088723
"典礼/Na/CNA_CMN_20001010_wpr/40447",0.0238013575897549,-0.0115553518503225
"仪式/Na/CNA_CMN_20001205_wpr/127362",-0.0112354960532831,0.0098755059863604
"仪式/Na/ZBN_CMN_20030830_wpr/14507",-0.030020928713203,-0.00711139539451161
"仪式/Na/CNA_CMN_20030513_wpr/9577",-0.112113878593997,-0.327481431308155
"仪式/Na/CNA_CMN_20001002_wpr/91023",0.0128676176965295,-0.0125819860118237
"典礼/Na/CNA_CMN_20001013_wpr/149442",-0.0158440146024908,-0.00490468012499509
"典礼/Na/CNA_CMN_20001111_wpr/74967",-0.0308984519081496,0.0072157151385778
"仪式/Na/XIN_CMN_20030821_wpr/39180",0.0610680888236358,0.112323614175846
"典礼/Na/CNA_CMN_20010102_wpr/26541",-0.00803366385681563,0.0122421258583289
"仪式/Na/XIN_CMN_20030506_wpr/70925",-0.00283163411580121,0.0149021586121159
"仪式/Na/XIN_CMN_20030510_wpr/2580",-0.00584252881310043,0.0592685557242345
"仪式/Na/XIN_CMN_20001017_wpr/1025",-0.0266610664009825,0.0084436691557623
"仪式/Na/CNA_CMN_20010119_wpr/100799",0.0337990534861889,-0.0246774613694072
"仪式/Na/ZBN_CMN_20030811_wpr/25256",-0.0339265956647709,0.0389310644606487
"典礼/Na/ZBN_CMN_20030924_wpr/83607",-0.0732125680355409,-0.0287895529550766
"仪式/Na/ZBN_CMN_20030930_wpr/14152",-0.0577000070017229,-0.0487767410728922
"仪式/Na/XIN_CMN_20030826_wpr/50117",0.0498288597416904,0.118813761154303
"仪式/Na/ZBN_CMN_20030414_wpr/14516",0.0404548299424417,-0.0692623103427322
"仪式/Na/XIN_CMN_20010130_wpr/30079",-0.0443131646621839,0.109948117660878
"仪式/Na/CNA_CMN_20010108_wpr/116174",-0.0324537714091674,0.0475700441549435
"仪式/Na/XIN_CMN_20030928_wpr/2242",-0.0907134215725492,0.0179323596988234
"典礼/Na/CNA_CMN_20001030_wpr/105069",-0.0366896479476366,0.0165350316856565
"典礼/Na/CNA_CMN_20001216_wpr/108601",-0.0201773244321491,-0.0277671082783228
"典礼/Na/ZBN_CMN_20010123_wpr/12836",0.00522588961225521,-0.00381225968089245
"典礼/Na/CNA_CMN_20010118_wpr/107335",-0.0186193497239139,-0.0330999995219394
"仪式/Na/XIN_CMN_20030530_wpr/7259",-0.00163119765337413,0.052534350715555
"仪式/Na/ZBN_CMN_20010116_wpr/13120",0.051970968849736,0.0321683055578484
"仪式/Na/XIN_CMN_20001124_wpr/53359",-0.0339319129437142,0.0304483487206813
"仪式/Na/XIN_CMN_20001103_wpr/3831",0.167532771928466,0.0168007664310107
"典礼/Na/ZBN_CMN_20001020_wpr/5209",-0.143219824745278,0.151495784976973
"典礼/Na/CNA_CMN_20001229_wpr/136549",-0.00922357373203084,-0.00197225002143048
"典礼/Na/CNA_CMN_20001020_wpr/131179",-0.0235534279074611,-0.0408128145240719
"仪式/Na/XIN_CMN_20030920_wpr/20201",-0.0261261167479538,0.00621023696055808
"仪式/Na/XIN_CMN_20001101_wpr/43860",0.0101299393807105,0.0240793542937451
"仪式/Na/XIN_CMN_20030724_wpr/69827",-0.0469377091386631,-0.0566477826424819
"仪式/Na/XIN_CMN_20010102_wpr/25706",-0.00996251465830382,0.025468953913331
"仪式/Na/ZBN_CMN_20001220_wpr/27448",-0.00827858509287019,-0.0278209536503059
"仪式/Na/XIN_CMN_20030909_wpr/14437",-0.032385315863791,0.00206753212208218
"仪式/Na/XIN_CMN_20010114_wpr/16069",0.00920732348342041,0.0124290394817365
"典礼/Na/CNA_CMN_20010112_wpr/33450",0.0181716329989384,-0.0388218711658976
"典礼/Na/CNA_CMN_20001201_wpr/152534",-0.0317754428676712,-0.0429203138855016
"惯例/Na/ZBN_CMN_20030906_wpr/36585",0.117091701765133,-0.00552291690924801
"典礼/Na/CNA_CMN_20010111_wpr/140745",-0.00685456951416568,-0.071383807768446
"典礼/Na/CNA_CMN_20001206_wpr/155236",-0.0541312722971587,0.0159717736225454
"仪式/Na/ZBN_CMN_20001001_wpr/12397",0.0228569819463079,0.0107663570367207
"仪式/Na/ZBN_CMN_20030922_wpr/52041",-0.0382198592917107,0.0226816107525402
"仪式/Na/XIN_CMN_20030416_wpr/38195",-0.00605071170226605,0.0178836221179397
"惯例/Na/ZBN_CMN_20001001_wpr/9851",0.230715804402409,-0.0205592498247866
"典礼/Na/CNA_CMN_20001201_wpr/148524",-0.02769505469823,-0.0212704447870724
"典礼/Na/CNA_CMN_20010101_wpr/86195",-0.0592891418638178,0.00469938626574218
"典礼/Na/CNA_CMN_20001018_wpr/157981",-0.0398764795750135,-0.00994649248154986
"典礼/Na/CNA_CMN_20010112_wpr/130424",-0.0224043451046728,-0.0146978769763237
"仪式/Na/ZBN_CMN_20010107_wpr/35255",0.000402091232548282,-0.0388991905261925
"仪式/Na/XIN_CMN_20030708_wpr/63224",-0.0847519211309114,0.0513726825273934
"典礼/Na/XIN_CMN_20030605_wpr/64643",-0.0377169390512149,0.0289605391898265
"仪式/Na/ZBN_CMN_20030831_wpr/52647",-0.144517614742408,-0.0999833608992211
"仪式/Na/XIN_CMN_20001229_wpr/22390",-0.0188742493875999,0.00286888659358457
"仪式/Na/XIN_CMN_20001218_wpr/68282",-0.0166107171192673,0.0299586133523087
"惯例/Na/XIN_CMN_20030715_wpr/26036",0.130589851253322,0.0242720388754997
"仪式/Na/XIN_CMN_20001108_wpr/31984",0.0895923112475283,0.104843806072096
"仪式/Na/CNA_CMN_20001011_wpr/10366",-0.00275363895672502,-0.0553933140312246
"仪式/Na/XIN_CMN_20030721_wpr/909",-0.00394255061788979,0.0245665033643415
"仪式/Na/CNA_CMN_20001103_wpr/78474",-0.0585593548047206,0.0153893980108977
"典礼/Na/CNA_CMN_20001125_wpr/72840",0.0040779545293023,-0.0482117884628245
"典礼/Na/CNA_CMN_20010118_wpr/81488",-0.0140694274027161,0.0204216964928213
"典礼/Na/XIN_CMN_20001218_wpr/2073",-0.0570489983450463,-0.0364042696922369
"典礼/Na/CNA_CMN_20001215_wpr/141044",-0.0448291634006327,-0.0350826697150402
"典礼/Na/CNA_CMN_20001202_wpr/13528",-0.0410125006779522,-0.0244679204296467
"典礼/Na/CNA_CMN_20001230_wpr/20581",0.0459279072640749,-0.0610590281423301
"仪式/Na/CNA_CMN_20001219_wpr/144580",0.0567191666207348,-0.0296412399101046
"典礼/Na/CNA_CMN_20001216_wpr/6152",0.00130566172638302,-8.3728284965356e-05
"仪式/Na/ZBN_CMN_20030926_wpr/51801",0.0576970318620015,0.0722628521378836
"仪式/Na/ZBN_CMN_20030624_wpr/44222",0.0835699480940219,0.0613855782201378
"仪式/Na/CNA_CMN_20010119_wpr/105339",0.0740395642958604,-0.096984830444461
"仪式/Na/ZBN_CMN_20030701_wpr/22746",-0.0136128245074244,0.0646635654494933
"仪式/Na/XIN_CMN_20001030_wpr/21150",0.0609226193989912,0.00714268337020936
"惯例/Na/ZBN_CMN_20030610_wpr/47398",0.137212042771947,-0.121838097158139
"典礼/Na/CNA_CMN_20001219_wpr/17378",-0.0984043480444891,-0.0544618604710577
"仪式/Na/ZBN_CMN_20010123_wpr/14104",0.0960954480387951,0.072439895812905
"仪式/Na/ZBN_CMN_20010123_wpr/14258",0.0319779317422483,0.0159235310325176
"典礼/Na/XIN_CMN_20001116_wpr/42699",-0.000375588201880479,0.0086574893146539
"仪式/Na/XIN_CMN_20030803_wpr/27084",-0.0216618443378448,0.00691386359475816
"典礼/Na/CNA_CMN_20001012_wpr/8027",0.00840938720940489,-0.0145973553293085
"仪式/Na/XIN_CMN_20030401_wpr/41120",-0.00223334623170289,0.0122268273759647
"典礼/Na/XIN_CMN_20030729_wpr/25313",-0.00624280657512513,0.0525506131833764
"典礼/Na/ZBN_CMN_20030503_wpr/48147",-0.0222726918102157,0.00392737332759951
"仪式/Na/XIN_CMN_20030508_wpr/12539",0.00463795843719466,0.006820450286224
"仪式/Na/XIN_CMN_20030802_wpr/9755",-0.100576254859241,0.00718485601116687
"仪式/Na/CNA_CMN_20001006_wpr/151248",-0.303252974206284,0.0599130766023486
"典礼/Na/CNA_CMN_20001115_wpr/114374",-0.0304603111055739,-0.0317034822492467
"仪式/Na/CNA_CMN_20030518_wpr/4661",-0.0214379865445429,0.0599716640139252
"仪式/Na/ZBN_CMN_20001124_wpr/18383",-0.0219568505355739,-0.000701953126048049
"仪式/Na/XIN_CMN_20030720_wpr/65827",0.0106988637324102,0.00401297070356962
"仪式/Na/CNA_CMN_20001119_wpr/19114",0.00237446091933808,-0.0529474846506426
"仪式/Na/ZBN_CMN_20001223_wpr/31",0.0106709756962727,0.0173597528974947
"典礼/Na/CNA_CMN_20001230_wpr/18998",0.0147601171731027,-0.109741489746212
"仪式/Na/XIN_CMN_20030903_wpr/66822",-0.0521373078252066,0.0476472239226869
"仪式/Na/CNA_CMN_20001006_wpr/16587",-0.0478538259141892,0.00448937011812021
"仪式/Na/ZBN_CMN_20030525_wpr/27995",0.0225548037609159,-0.0335889503005864
"典礼/Na/CNA_CMN_20001216_wpr/81455",-0.052760951682146,-0.0749986106069285
"典礼/Na/XIN_CMN_20001216_wpr/19598",-0.0345966858552781,-0.0214074955686096
"仪式/Na/XIN_CMN_20030709_wpr/33576",0.00513525729730907,0.0537355435553254
"典礼/Na/CNA_CMN_20010101_wpr/2821",0.0138578719176887,-0.0315773496286119
"仪式/Na/XIN_CMN_20030407_wpr/76161",-0.0297123254010591,0.00319130297518973
"典礼/Na/CNA_CMN_20010118_wpr/79909",-0.0421658581337458,0.0358535413473647
"典礼/Na/CNA_CMN_20001101_wpr/147031",-0.0299756111311201,-0.0144592796176328
"典礼/Na/CNA_CMN_20001010_wpr/23631",-0.0215106152386022,-0.00533165470988535
"仪式/Na/CNA_CMN_20030408_wpr/12663",0.00863404365438863,-0.232299374365552
"仪式/Na/ZBN_CMN_20030426_wpr/13065",0.0330179049209159,-0.00415827865607132
"惯例/Na/CNA_CMN_20001109_wpr/19130",0.0877400476159161,-0.0182128191162948
"典礼/Na/CNA_CMN_20001007_wpr/54746",-0.000556733989596435,-0.00270862218876672
"典礼/Na/CNA_CMN_20001216_wpr/68319",0.0157584863937525,-0.00074756513582581
"仪式/Na/XIN_CMN_20030430_wpr/68535",-0.030814630012704,-0.00456420401792889
"典礼/Na/CNA_CMN_20001230_wpr/79653",-0.0210357859090537,0.0098337076333689
"典礼/Na/CNA_CMN_20010119_wpr/72378",-0.00181349217639559,-0.0189548472237735
"典礼/Na/CNA_CMN_20001201_wpr/147819",-0.0132673926857257,-0.00575903308671964
"仪式/Na/XIN_CMN_20030916_wpr/52217",-0.155762140633628,-0.203559025485194
"仪式/Na/CNA_CMN_20010129_wpr/126126",-0.01153189495731,0.008531419777205
"仪式/Na/ZBN_CMN_20030517_wpr/44945",-0.0399074542560046,0.0431809611940369
"仪式/Na/CNA_CMN_20001202_wpr/99493",0.055635498115666,-0.263707532171923
"仪式/Na/ZBN_CMN_20030816_wpr/46934",-0.0311523048788985,0.0391692161087586
"典礼/Na/CNA_CMN_20001123_wpr/136387",-0.040240525650324,-0.0208939058558264
"仪式/Na/ZBN_CMN_20030726_wpr/58505",-0.00805371651566381,0.0389152157843621
"仪式/Na/XIN_CMN_20030911_wpr/79162",-0.00242501077107638,0.0163852552928321
"仪式/Na/ZBN_CMN_20030501_wpr/37042",-0.376312146635923,-0.00766138655114377
"仪式/Na/ZBN_CMN_20030718_wpr/21217",0.0552942252370262,0.0814673067156112
"仪式/Na/ZBN_CMN_20030515_wpr/80040",0.609447626765992,-0.0966016759622825
"典礼/Na/CNA_CMN_20001202_wpr/118536",-0.0154309425965778,-0.011685139352195
"仪式/Na/XIN_CMN_20030519_wpr/47090",-0.00457992570803072,0.0215508158869184
"惯例/Na/ZBN_CMN_20001109_wpr/20984",0.156070253014561,0.0349799028000626
"仪式/Na/CNA_CMN_20001023_wpr/3983",0.0117898534083439,-0.0899922855114768
"仪式/Na/ZBN_CMN_20030503_wpr/37607",-0.0437336549909439,-0.19386664434685
"仪式/Na/XIN_CMN_20030902_wpr/54778",0.0221993922275542,0.023457344032393
"仪式/Na/XIN_CMN_20001209_wpr/7844",-0.00332446871582898,0.0286166951701659
"仪式/Na/XIN_CMN_20001121_wpr/24501",-0.0321878177408458,0.0254731474624677
"仪式/Na/ZBN_CMN_20030819_wpr/7701",-0.00373040983604382,0.00322521027364959
"仪式/Na/ZBN_CMN_20030814_wpr/61825",-0.00873203468315501,0.0158447035126446
"典礼/Na/ZBN_CMN_20030805_wpr/66723",-0.0377243112034622,-0.012469186021969
"典礼/Na/CNA_CMN_20001215_wpr/43707",-0.0138176731433697,-0.0157455261524172
"仪式/Na/CNA_CMN_20001126_wpr/70182",0.0372942960297331,-0.0285238665870583
"仪式/Na/XIN_CMN_20001215_wpr/59994",0.0701923904839716,0.0924810360915793
"典礼/Na/CNA_CMN_20010101_wpr/22845",-0.104593596657479,0.111713775197544
"典礼/Na/CNA_CMN_20001214_wpr/53474",-0.0115104687452144,-0.0125756092678647
"仪式/Na/XIN_CMN_20030708_wpr/72508",-0.000708767024000324,0.0252124999703462
"典礼/Na/CNA_CMN_20030701_wpr/2757",-0.0288217163091784,-0.0275248952130761
"仪式/Na/XIN_CMN_20001022_wpr/29801",-0.0281998104317844,0.0104786807125627
"仪式/Na/XIN_CMN_20030826_wpr/50072",0.00711526063505167,0.0278763888559856
"仪式/Na/XIN_CMN_20030620_wpr/26470",0.105660238000034,0.0438966459107489
"仪式/Na/XIN_CMN_20030406_wpr/21121",0.0463779853002517,0.0286831714046088
"仪式/Na/ZBN_CMN_20001106_wpr/9561",0.0122127100882559,-0.00535225555517359
"仪式/Na/ZBN_CMN_20030510_wpr/80838",-0.00623951979372451,0.0738328089626209
"仪式/Na/XIN_CMN_20030416_wpr/21515",0.0580402727846115,0.0858419526471417
"典礼/Na/CNA_CMN_20001106_wpr/35417",-0.0747626692445456,-0.105057860799787
"仪式/Na/ZBN_CMN_20030923_wpr/72072",-0.0193881640078729,0.0169495031970532
"典礼/Na/CNA_CMN_20001210_wpr/25363",-0.000150586281133955,-0.0078624687281454
"仪式/Na/ZBN_CMN_20001229_wpr/31080",0.0131309164350599,0.00242171584142776
"仪式/Na/XIN_CMN_20001027_wpr/24626",-0.0385984094660302,0.0688564443683019
"仪式/Na/XIN_CMN_20001222_wpr/24846",0.0248524768695705,0.0435014042122247
"仪式/Na/CNA_CMN_20001121_wpr/5712",0.0388851666566536,-0.111040998053118
"典礼/Na/CNA_CMN_20010117_wpr/79197",0.00245173341123806,0.0330119018154268
"仪式/Na/ZBN_CMN_20001228_wpr/14140",-0.0378048104644036,-0.0150273343412918
"仪式/Na/CNA_CMN_20010129_wpr/117139",-0.0201576058497041,0.0368429307522413
"典礼/Na/CNA_CMN_20030823_wpr/1871",-0.0165727832884484,0.0388597881836958
"仪式/Na/ZBN_CMN_20030816_wpr/15297",-0.217393759543053,-0.193052607137536
"仪式/Na/CNA_CMN_20001108_wpr/39701",-0.14990281701612,-0.0403546539548022
"惯例/Na/CNA_CMN_20001126_wpr/43043",0.0960543430731236,-0.0822200432161429
"仪式/Na/CNA_CMN_20001231_wpr/63007",-0.0142241664051035,-0.0301073784392519
"仪式/Na/XIN_CMN_20030628_wpr/4610",-0.0325375289591691,0.00309395640490021
"典礼/Na/CNA_CMN_20010117_wpr/67523",-0.0160586721031182,0.0443068798660022
"典礼/Na/CNA_CMN_20001016_wpr/3996",-0.00920634319174767,0.00732459872220915
"典礼/Na/CNA_CMN_20010119_wpr/2865",-0.00797565199363094,0.0111802365797535
"仪式/Na/CNA_CMN_20001205_wpr/99033",-0.0245196431100061,0.0071999996363761
"惯例/Na/ZBN_CMN_20030925_wpr/85151",0.0973610047470068,0.00573488937074565
"仪式/Na/XIN_CMN_20030702_wpr/62001",0.00212103392017289,0.0231632185117943
"仪式/Na/ZBN_CMN_20001030_wpr/18725",0.000513821388637536,-0.0164156359932939
"仪式/Na/XIN_CMN_20030529_wpr/70465",0.0731326329321838,0.0295137087922864
"典礼/Na/CNA_CMN_20001024_wpr/109239",-0.0277169596228624,-0.0226938628668577
"仪式/Na/CNA_CMN_20001206_wpr/21144",-0.0036539735786216,0.00450261420177476
"仪式/Na/ZBN_CMN_20001107_wpr/25429",-0.0313888433150095,0.018089917521755
"仪式/Na/XIN_CMN_20001218_wpr/72374",-0.0190627850896662,0.00920608316154817
"典礼/Na/XIN_CMN_20030914_wpr/42541",-0.0129442257675143,-0.00719326653982497
"仪式/Na/CNA_CMN_20001220_wpr/110166",0.0270739540237098,0.0313029346920852
"仪式/Na/XIN_CMN_20010114_wpr/13634",0.00866745612904162,0.0103305598417968
"惯例/Na/CNA_CMN_20001105_wpr/13062",0.098238577785552,0.0259206641758589
"仪式/Na/CNA_CMN_20001117_wpr/66516",-0.0151741896008261,-0.00607213822783099
"典礼/Na/CNA_CMN_20001204_wpr/41537",-0.0580848252124209,-0.016039772117112
"仪式/Na/XIN_CMN_20030916_wpr/70265",-0.0515855978651567,0.0123238409490006
"仪式/Na/CNA_CMN_20030904_wpr/6506",-0.0204584149959345,0.0275625928898833
"仪式/Na/XIN_CMN_20030614_wpr/45888",-0.0101446463185444,0.00574057698964078
"典礼/Na/CNA_CMN_20001013_wpr/107821",-0.00534378105591825,-0.000724769279838665
"仪式/Na/XIN_CMN_20030820_wpr/35314",0.0198003907222531,0.0918761518680161
"仪式/Na/ZBN_CMN_20030724_wpr/17838",0.094334086448364,0.243519193017302
"仪式/Na/ZBN_CMN_20030718_wpr/13022",0.0131680060586206,0.00802054497475477
"典礼/Na/CNA_CMN_20001215_wpr/155356",0.00375316193442354,-0.025144973402419
"仪式/Na/ZBN_CMN_20001002_wpr/4342",-0.0752288504155071,0.00870985546059169
"典礼/Na/CNA_CMN_20001224_wpr/5164",0.00584200806555499,-0.0240378428114543
"仪式/Na/ZBN_CMN_20001005_wpr/16076",0.00932177693243148,0.00594312854641259
"仪式/Na/XIN_CMN_20030429_wpr/12778",-0.000199349795172267,0.0501746983923146
"仪式/Na/XIN_CMN_20030417_wpr/28191",-0.0222904327008333,0.0301067334018651
"典礼/Na/CNA_CMN_20010122_wpr/31890",-0.0617945465571348,-0.0405857239806345
"典礼/Na/CNA_CMN_20001006_wpr/18737",0.00629705199891369,-0.00189618363403752
"仪式/Na/CNA_CMN_20001204_wpr/114519",-0.163385457575544,0.0526174853003046
"仪式/Na/CNA_CMN_20001011_wpr/95462",-0.188671932890328,-0.159066061002674
"仪式/Na/XIN_CMN_20030828_wpr/53734",-0.0729437851851469,0.0655357112566016
"仪式/Na/CNA_CMN_20001126_wpr/69821",-0.0332723926607812,-0.110835819699995
"典礼/Na/CNA_CMN_20010118_wpr/79796",-0.0121979806825277,0.0181294335865338
"仪式/Na/ZBN_CMN_20030503_wpr/37636",0.0609833338976802,-0.165716387629253
"仪式/Na/CNA_CMN_20001217_wpr/27195",-0.0379205832770316,-0.00400782033886734
"仪式/Na/ZBN_CMN_20030906_wpr/49085",-0.0670078827677988,0.118944356053202
"典礼/Na/CNA_CMN_20001229_wpr/147502",-0.0142035676784703,-0.00218034624606898
"惯例/Na/XIN_CMN_20030605_wpr/83338",0.179203233740593,-0.0270317923818069
"仪式/Na/CNA_CMN_20001017_wpr/157338",0.0449268975797674,-0.0952002608263883
"仪式/Na/XIN_CMN_20030828_wpr/36402",0.00440664427823959,0.0398819403101577
"仪式/Na/ZBN_CMN_20030831_wpr/27464",0.0169164916533974,0.00187362889132314
"仪式/Na/XIN_CMN_20001024_wpr/52444",-0.0329988421553506,-0.0448755381674406
"惯例/Na/CNA_CMN_20001216_wpr/89367",0.112593196511602,-0.266217351319136
"典礼/Na/ZBN_CMN_20001209_wpr/9116",-0.0324419056860717,0.00566496460187873
"仪式/Na/CNA_CMN_20001220_wpr/33856",0.00111506389556965,0.0751444882639271
"仪式/Na/CNA_CMN_20030912_wpr/3118",-0.0163208182360573,0.020138864210854
